{
    "bottle": {
        "det_auroc": [
            100.0,
            3
        ],
        "loc_auroc": [
            99.11076630441765,
            11
        ]
    },
    "cable": {
        "det_auroc": [
            99.49400299850075,
            35
        ],
        "loc_auroc": [
            98.78199570491373,
            47
        ]
    },
    "capsule": {
        "det_auroc": [
            98.60390905464699,
            47
        ],
        "loc_auroc": [
            99.25610433986569,
            48
        ]
    },
    "carpet": {
        "det_auroc": [
            99.39807383627608,
            3
        ],
        "loc_auroc": [
            99.27835139294868,
            3
        ]
    },
    "grid": {
        "det_auroc": [
            99.66583124477862,
            39
        ],
        "loc_auroc": [
            99.30412056954874,
            48
        ]
    },
    "hazelnut": {
        "det_auroc": [
            100.0,
            1
        ],
        "loc_auroc": [
            98.85554221802852,
            47
        ]
    },
    "leather": {
        "det_auroc": [
            100.0,
            24
        ],
        "loc_auroc": [
            99.70325144811922,
            22
        ]
    },
    "metal_nut": {
        "det_auroc": [
            100.0,
            10
        ],
        "loc_auroc": [
            99.22208496965106,
            9
        ]
    },
    "pill": {
        "det_auroc": [
            98.9088925259138,
            47
        ],
        "loc_auroc": [
            98.98721948267857,
            9
        ]
    },
    "screw": {
        "det_auroc": [
            96.88460750153722,
            48
        ],
        "loc_auroc": [
            99.45183514312852,
            49
        ]
    },
    "tile": {
        "det_auroc": [
            100.0,
            1
        ],
        "loc_auroc": [
            98.28593011381824,
            26
        ]
    },
    "toothbrush": {
        "det_auroc": [
            100.0,
            34
        ],
        "loc_auroc": [
            98.65917058469459,
            20
        ]
    },
    "transistor": {
        "det_auroc": [
            100.0,
            18
        ],
        "loc_auroc": [
            95.6923094665055,
            18
        ]
    },
    "wood": {
        "det_auroc": [
            99.9122807017544,
            2
        ],
        "loc_auroc": [
            96.8515808583646,
            42
        ]
    },
    "zipper": {
        "det_auroc": [
            99.89495798319328,
            40
        ],
        "loc_auroc": [
            99.23144690258071,
            10
        ]
    },
    "average": {
        "det_auroc": [
            99.51750372310674,
            0
        ],
        "loc_auroc": [
            98.71144729995093,
            0
        ]
    }
}