{"bottle": {"det_auroc": [100.0, 2], "loc_auroc": [95.20891703811517, 2], "loc_pro": [0.0, 0]}, "average": {"det_auroc": [99.03365334756776, 0], "loc_auroc": [96.27294353640208, 0], "loc_pro": [0.0, 0]}, "cable": {"det_auroc": [98.87556221889056, 35], "loc_auroc": [95.12913186007454, 6], "loc_pro": [0.0, 0]}, "capsule": {"det_auroc": [98.68368568009573, 38], "loc_auroc": [96.59853775242729, 11], "loc_pro": [0.0, 0]}, "carpet": {"det_auroc": [100.0, 1], "loc_auroc": [98.693209954309, 4], "loc_pro": [0.0, 0]}, "grid": {"det_auroc": [99.74937343358397, 7], "loc_auroc": [95.4307022536139, 38], "loc_pro": [0.0, 0]}, "hazelnut": {"det_auroc": [100.0, 8], "loc_auroc": [98.32599845953301, 9], "loc_pro": [0.0, 0]}, "leather": {"det_auroc": [100.0, 1], "loc_auroc": [95.95801628963288, 7], "loc_pro": [0.0, 0]}, "metal_nut": {"det_auroc": [99.90224828934507, 25], "loc_auroc": [96.6938713521313, 19], "loc_pro": [0.0, 0]}, "pill": {"det_auroc": [97.92689579923623, 46], "loc_auroc": [97.83375990754276, 9], "loc_pro": [0.0, 0]}, "screw": {"det_auroc": [95.20393523262963, 44], "loc_auroc": [96.19989772039122, 38], "loc_pro": [0.0, 0]}, "tile": {"det_auroc": [99.45887445887446, 10], "loc_auroc": [95.67417607933692, 4], "loc_pro": [0.0, 0]}, "toothbrush": {"det_auroc": [96.11111111111111, 35], "loc_auroc": [97.49835582521406, 5], "loc_pro": [0.0, 0]}, "transistor": {"det_auroc": [99.75, 31], "loc_auroc": [97.8729420554716, 30], "loc_pro": [0.0, 0]}, "wood": {"det_auroc": [99.9122807017544, 10], "loc_auroc": [90.01024523684029, 6], "loc_pro": [0.0, 0]}, "zipper": {"det_auroc": [100.0, 12], "loc_auroc": [96.98455288738714, 18], "loc_pro": [0.0, 0]}}