{"bottle": {"det_auroc": [100.0, 14], "loc_auroc": [98.38079994283034, 5], "loc_pro": [0.0, 0]}, "average": {"det_auroc": [94.9446323809014, 0], "loc_auroc": [97.19704802307807, 0], "loc_pro": [0.0, 0]}, "cable": {"det_auroc": [94.99625187406298, 90], "loc_auroc": [96.01117356390023, 90], "loc_pro": [0.0, 0]}, "capsule": {"det_auroc": [96.92859992022338, 68], "loc_auroc": [99.06091504674134, 87], "loc_pro": [0.0, 0]}, "carpet": {"det_auroc": [77.28731942215089, 4], "loc_auroc": [96.40997876109063, 4], "loc_pro": [0.0, 0]}, "grid": {"det_auroc": [99.49874686716794, 81], "loc_auroc": [99.2711105225851, 69], "loc_pro": [0.0, 0]}, "hazelnut": {"det_auroc": [99.35714285714286, 43], "loc_auroc": [97.23449559811056, 21], "loc_pro": [0.0, 0]}, "leather": {"det_auroc": [83.3899456521739, 99], "loc_auroc": [99.60115275221393, 61], "loc_pro": [0.0, 0]}, "metal_nut": {"det_auroc": [98.9247311827957, 46], "loc_auroc": [98.17083399610898, 65], "loc_pro": [0.0, 0]}, "pill": {"det_auroc": [96.23567921440261, 88], "loc_auroc": [96.2753801055744, 61], "loc_pro": [0.0, 0]}, "screw": {"det_auroc": [92.7854068456651, 44], "loc_auroc": [94.3236324540771, 1], "loc_pro": [0.0, 0]}, "tile": {"det_auroc": [100.0, 2], "loc_auroc": [98.04624396151213, 4], "loc_pro": [0.0, 0]}, "toothbrush": {"det_auroc": [91.94444444444444, 56], "loc_auroc": [95.581771592475, 3], "loc_pro": [0.0, 0]}, "transistor": {"det_auroc": [95.29166666666666, 82], "loc_auroc": [94.23247981976446, 79], "loc_pro": [0.0, 0]}, "wood": {"det_auroc": [98.59649122807016, 14], "loc_auroc": [96.60564397469896, 19], "loc_pro": [0.0, 0]}, "zipper": {"det_auroc": [99.23844537815127, 48], "loc_auroc": [98.85737132994278, 72], "loc_pro": [0.0, 0]}}