{"bottle": {"det_auroc": [100.0, 2], "loc_auroc": [99.06519817036593, 4]}, "cable": {"det_auroc": [99.53148425787106, 40], "loc_auroc": [98.68119736451109, 48]}, "capsule": {"det_auroc": [98.80335061826884, 47], "loc_auroc": [99.31500397666485, 48]}, "carpet": {"det_auroc": [99.19743178170145, 3], "loc_auroc": [99.1946279862423, 5]}, "grid": {"det_auroc": [99.58228905597326, 30], "loc_auroc": [99.38076144618202, 49]}, "hazelnut": {"det_auroc": [100.0, 4], "loc_auroc": [98.45160301356574, 18]}, "leather": {"det_auroc": [100.0, 10], "loc_auroc": [99.72072694998859, 9]}, "metal_nut": {"det_auroc": [100.0, 5], "loc_auroc": [99.19450019337299, 3]}, "pill": {"det_auroc": [99.29078014184397, 47], "loc_auroc": [98.64395345574971, 6]}, "screw": {"det_auroc": [98.31932773109243, 45], "loc_auroc": [99.44989956519498, 48]}, "tile": {"det_auroc": [100.0, 2], "loc_auroc": [98.12114245888435, 21]}, "toothbrush": {"det_auroc": [100.0, 18], "loc_auroc": [98.38266062660225, 20]}, "transistor": {"det_auroc": [100.0, 9], "loc_auroc": [97.51617421652016, 42]}, "wood": {"det_auroc": [99.9122807017544, 2], "loc_auroc": [96.96255540963375, 38]}, "zipper": {"det_auroc": [99.94747899159664, 14], "loc_auroc": [99.27368817170544, 9]}, "average": {"det_auroc": [99.63896155200679, 0], "loc_auroc": [98.75691286701228, 0]}}