{
    "bottle": {
        "det_auroc": [
            100.0,
            2
        ],
        "loc_auroc": [
            99.06706340305671,
            3
        ]
    },
    "cable": {
        "det_auroc": [
            99.43778110944528,
            41
        ],
        "loc_auroc": [
            98.63910773462632,
            41
        ]
    },
    "capsule": {
        "det_auroc": [
            98.96290386916633,
            49
        ],
        "loc_auroc": [
            99.32873846146705,
            41
        ]
    },
    "carpet": {
        "det_auroc": [
            99.03691813804171,
            0
        ],
        "loc_auroc": [
            98.9435103813196,
            1
        ]
    },
    "grid": {
        "det_auroc": [
            99.58228905597326,
            22
        ],
        "loc_auroc": [
            99.22741752162428,
            48
        ]
    },
    "hazelnut": {
        "det_auroc": [
            100.0,
            5
        ],
        "loc_auroc": [
            98.5450265964101,
            19
        ]
    },
    "leather": {
        "det_auroc": [
            100.0,
            24
        ],
        "loc_auroc": [
            99.72009483911565,
            11
        ]
    },
    "metal_nut": {
        "det_auroc": [
            100.0,
            6
        ],
        "loc_auroc": [
            99.13016865992273,
            7
        ]
    },
    "pill": {
        "det_auroc": [
            99.31805782869614,
            44
        ],
        "loc_auroc": [
            98.51822584144384,
            12
        ]
    },
    "screw": {
        "det_auroc": [
            98.52428776388604,
            45
        ],
        "loc_auroc": [
            99.41626476783698,
            49
        ]
    },
    "tile": {
        "det_auroc": [
            100.0,
            2
        ],
        "loc_auroc": [
            98.05774007263634,
            28
        ]
    },
    "toothbrush": {
        "det_auroc": [
            100.0,
            19
        ],
        "loc_auroc": [
            98.34264994434122,
            19
        ]
    },
    "transistor": {
        "det_auroc": [
            100.0,
            12
        ],
        "loc_auroc": [
            97.57535697414971,
            37
        ]
    },
    "wood": {
        "det_auroc": [
            99.9122807017544,
            4
        ],
        "loc_auroc": [
            96.48731199399026,
            48
        ]
    },
    "zipper": {
        "det_auroc": [
            99.94747899159664,
            22
        ],
        "loc_auroc": [
            99.24877463375675,
            20
        ]
    },
    "average": {
        "det_auroc": [
            99.64813316390398,
            0
        ],
        "loc_auroc": [
            98.6831634550465,
            0
        ]
    }
}