{"bottle": {"det_auroc": [100.0, 2], "loc_auroc": [99.09391892651271, 5], "loc_pro": [0.0, 0]}, "average": {"det_auroc": [99.65104874755694, 0], "loc_auroc": [98.63627713691955, 0], "loc_pro": [0.0, 0]}, "cable": {"det_auroc": [99.56896551724137, 40], "loc_auroc": [98.47899978119072, 38], "loc_pro": [0.0, 0]}, "capsule": {"det_auroc": [99.16234543278819, 49], "loc_auroc": [99.28382390582364, 45], "loc_pro": [0.0, 0]}, "carpet": {"det_auroc": [99.03691813804174, 2], "loc_auroc": [99.15048638742051, 5], "loc_pro": [0.0, 0]}, "grid": {"det_auroc": [99.83291562238931, 44], "loc_auroc": [99.26583356876783, 46], "loc_pro": [0.0, 0]}, "hazelnut": {"det_auroc": [100.0, 1], "loc_auroc": [98.5257853857664, 14], "loc_pro": [0.0, 0]}, "leather": {"det_auroc": [100.0, 10], "loc_auroc": [99.72952497070683, 11], "loc_pro": [0.0, 0]}, "metal_nut": {"det_auroc": [100.0, 5], "loc_auroc": [99.05356188601108, 4], "loc_pro": [0.0, 0]}, "pill": {"det_auroc": [99.23622476813966, 48], "loc_auroc": [98.5638748301886, 9], "loc_pro": [0.0, 0]}, "screw": {"det_auroc": [98.11436769829884, 47], "loc_auroc": [99.310053229218, 47], "loc_pro": [0.0, 0]}, "tile": {"det_auroc": [100.0, 2], "loc_auroc": [97.9141574178967, 5], "loc_pro": [0.0, 0]}, "toothbrush": {"det_auroc": [100.0, 21], "loc_auroc": [98.08944740949937, 33], "loc_pro": [0.0, 0]}, "transistor": {"det_auroc": [100.0, 7], "loc_auroc": [97.48841890834441, 35], "loc_pro": [0.0, 0]}, "wood": {"det_auroc": [99.9122807017544, 4], "loc_auroc": [96.35661924512938, 47], "loc_pro": [0.0, 0]}, "zipper": {"det_auroc": [99.92121848739495, 11], "loc_auroc": [99.27074402369031, 24], "loc_pro": [0.0, 0]}}