{"bottle": {"det_auroc": [100.0, 2], "loc_auroc": [98.15336991563387, 3], "loc_pro": [0.0, 0]}, "average": {"det_auroc": [99.25201934172681, 0], "loc_auroc": [97.80031325494907, 0], "loc_pro": [0.0, 0]}, "cable": {"det_auroc": [99.75637181409296, 19], "loc_auroc": [97.41281258265941, 21], "loc_pro": [0.0, 0]}, "capsule": {"det_auroc": [98.60390905464698, 9], "loc_auroc": [98.75644054060237, 29], "loc_pro": [0.0, 0]}, "carpet": {"det_auroc": [100.0, 0], "loc_auroc": [99.13712088830745, 1], "loc_pro": [0.0, 0]}, "grid": {"det_auroc": [99.49874686716792, 3], "loc_auroc": [98.0194158679029, 8], "loc_pro": [0.0, 0]}, "hazelnut": {"det_auroc": [99.92857142857142, 5], "loc_auroc": [98.7360878796777, 2], "loc_pro": [0.0, 0]}, "leather": {"det_auroc": [100.0, 1], "loc_auroc": [99.44234124345992, 5], "loc_pro": [0.0, 0]}, "metal_nut": {"det_auroc": [99.8533724340176, 14], "loc_auroc": [98.28355963836128, 6], "loc_pro": [0.0, 0]}, "pill": {"det_auroc": [97.43589743589743, 23], "loc_auroc": [98.48476763865509, 3], "loc_pro": [0.0, 0]}, "screw": {"det_auroc": [96.5771674523468, 27], "loc_auroc": [98.27151456525668, 54], "loc_pro": [0.0, 0]}, "tile": {"det_auroc": [99.85569985569985, 2], "loc_auroc": [94.71927824202393, 13], "loc_pro": [0.0, 0]}, "toothbrush": {"det_auroc": [97.77777777777779, 2], "loc_auroc": [98.17606627287336, 30], "loc_pro": [0.0, 0]}, "transistor": {"det_auroc": [99.79166666666666, 7], "loc_auroc": [97.94801663292634, 12], "loc_pro": [0.0, 0]}, "wood": {"det_auroc": [100.0, 42], "loc_auroc": [92.99498892404314, 11], "loc_pro": [0.0, 0]}, "zipper": {"det_auroc": [99.7373949579832, 14], "loc_auroc": [98.49220100715635, 24], "loc_pro": [0.0, 0]}}