{"bottle": {"det_auroc": [100.0, 1], "loc_auroc": [98.27748246868802, 3], "loc_pro": [0.0, 0]}, "average": {"det_auroc": [98.225046538121, 0], "loc_auroc": [96.83972151518144, 0], "loc_pro": [0.0, 0]}, "cable": {"det_auroc": [99.45652173913044, 38], "loc_auroc": [97.25576014186205, 47], "loc_pro": [0.0, 0]}, "capsule": {"det_auroc": [97.20781810929398, 28], "loc_auroc": [98.40761812768746, 28], "loc_pro": [0.0, 0]}, "carpet": {"det_auroc": [100.0, 1], "loc_auroc": [97.48077385363032, 20], "loc_pro": [0.0, 0]}, "grid": {"det_auroc": [99.58228905597328, 5], "loc_auroc": [96.20298692227574, 24], "loc_pro": [0.0, 0]}, "hazelnut": {"det_auroc": [100.0, 20], "loc_auroc": [98.40313782502228, 19], "loc_pro": [0.0, 0]}, "leather": {"det_auroc": [100.0, 0], "loc_auroc": [94.59522218154926, 0], "loc_pro": [0.0, 0]}, "metal_nut": {"det_auroc": [100.0, 4], "loc_auroc": [98.74588290016864, 32], "loc_pro": [0.0, 0]}, "pill": {"det_auroc": [96.01745771958538, 52], "loc_auroc": [98.32512091133187, 6], "loc_pro": [0.0, 0]}, "screw": {"det_auroc": [89.75199836031975, 20], "loc_auroc": [96.17478502415693, 99], "loc_pro": [0.0, 0]}, "tile": {"det_auroc": [99.74747474747475, 37], "loc_auroc": [92.15179658472803, 16], "loc_pro": [0.0, 0]}, "toothbrush": {"det_auroc": [93.05555555555554, 2], "loc_auroc": [97.7931586552127, 56], "loc_pro": [0.0, 0]}, "transistor": {"det_auroc": [99.16666666666667, 16], "loc_auroc": [97.91650497568024, 23], "loc_pro": [0.0, 0]}, "wood": {"det_auroc": [99.73684210526316, 33], "loc_auroc": [92.40938794254156, 50], "loc_pro": [0.0, 0]}, "zipper": {"det_auroc": [99.76365546218487, 76], "loc_auroc": [98.54989318413503, 30], "loc_pro": [0.0, 0]}}