{"bottle": {"det_auroc": [100.0, 2], "loc_auroc": [99.05007609063551, 5], "loc_pro": [0.0, 0]}, "average": {"det_auroc": [99.65689721609108, 0], "loc_auroc": [98.63912293800094, 0], "loc_pro": [0.0, 0]}, "cable": {"det_auroc": [99.2503748125937, 39], "loc_auroc": [98.09608735724602, 49], "loc_pro": [0.0, 0]}, "capsule": {"det_auroc": [99.40167530913442, 47], "loc_auroc": [99.26322097802336, 46], "loc_pro": [0.0, 0]}, "carpet": {"det_auroc": [99.03691813804174, 4], "loc_auroc": [99.1901896655437, 4], "loc_pro": [0.0, 0]}, "grid": {"det_auroc": [99.74937343358397, 23], "loc_auroc": [99.29145021099494, 45], "loc_pro": [0.0, 0]}, "hazelnut": {"det_auroc": [100.0, 1], "loc_auroc": [98.52938111329838, 12], "loc_pro": [0.0, 0]}, "leather": {"det_auroc": [100.0, 16], "loc_auroc": [99.70524051010223, 13], "loc_pro": [0.0, 0]}, "metal_nut": {"det_auroc": [100.0, 5], "loc_auroc": [99.13692161545549, 3], "loc_pro": [0.0, 0]}, "pill": {"det_auroc": [99.1543917075832, 34], "loc_auroc": [98.58764043254848, 4], "loc_pro": [0.0, 0]}, "screw": {"det_auroc": [98.42180774748923, 40], "loc_auroc": [99.27609264965936, 45], "loc_pro": [0.0, 0]}, "tile": {"det_auroc": [100.0, 2], "loc_auroc": [97.97135864532795, 33], "loc_pro": [0.0, 0]}, "toothbrush": {"det_auroc": [100.0, 19], "loc_auroc": [98.5396231238004, 9], "loc_pro": [0.0, 0]}, "transistor": {"det_auroc": [100.0, 7], "loc_auroc": [97.39466956417186, 49], "loc_pro": [0.0, 0]}, "wood": {"det_auroc": [99.9122807017544, 3], "loc_auroc": [96.32189439629003, 26], "loc_pro": [0.0, 0]}, "zipper": {"det_auroc": [99.94747899159664, 6], "loc_auroc": [99.26319085093496, 13], "loc_pro": [0.0, 0]}}