{"bottle": {"det_auroc": [99.92063492063492, 6], "loc_auroc": [95.89597683567197, 2], "loc_pro": [0.0, 0]}, "average": {"det_auroc": [99.22180624439, 0], "loc_auroc": [96.4687908130387, 0], "loc_pro": [0.0, 0]}, "cable": {"det_auroc": [98.57571214392803, 46], "loc_auroc": [95.54652304171927, 39], "loc_pro": [0.0, 0]}, "capsule": {"det_auroc": [96.76904666932589, 56], "loc_auroc": [97.62665864123356, 35], "loc_pro": [0.0, 0]}, "carpet": {"det_auroc": [100.0, 1], "loc_auroc": [95.86855661189215, 4], "loc_pro": [0.0, 0]}, "grid": {"det_auroc": [99.33166248955723, 11], "loc_auroc": [94.4673943124783, 9], "loc_pro": [0.0, 0]}, "hazelnut": {"det_auroc": [100.0, 4], "loc_auroc": [98.18496532806304, 12], "loc_pro": [0.0, 0]}, "leather": {"det_auroc": [100.0, 1], "loc_auroc": [96.24360040903865, 1], "loc_pro": [0.0, 0]}, "metal_nut": {"det_auroc": [99.90224828934507, 29], "loc_auroc": [96.25398339290038, 40], "loc_pro": [0.0, 0]}, "pill": {"det_auroc": [98.41789416257501, 65], "loc_auroc": [98.33978554557599, 15], "loc_pro": [0.0, 0]}}