{"bottle": {"det_auroc": [100.0, 3], "loc_auroc": [94.14802520897337, 2], "loc_pro": [0.0, 0]}, "average": {"det_auroc": [97.70325861539638, 0], "loc_auroc": [95.87338083219252, 0], "loc_pro": [0.0, 0]}, "cable": {"det_auroc": [98.63193403298351, 44], "loc_auroc": [95.35955951597934, 43], "loc_pro": [0.0, 0]}, "capsule": {"det_auroc": [97.12804148384524, 36], "loc_auroc": [98.87791680549705, 21], "loc_pro": [0.0, 0]}, "carpet": {"det_auroc": [99.91974317817015, 37], "loc_auroc": [95.75148113135553, 2], "loc_pro": [0.0, 0]}, "grid": {"det_auroc": [99.83291562238931, 29], "loc_auroc": [97.85332111825433, 35], "loc_pro": [0.0, 0]}, "hazelnut": {"det_auroc": [99.96428571428572, 5], "loc_auroc": [98.1439769110637, 48], "loc_pro": [0.0, 0]}, "leather": {"det_auroc": [100.0, 1], "loc_auroc": [93.30659482689899, 9], "loc_pro": [0.0, 0]}, "metal_nut": {"det_auroc": [99.95112414467253, 16], "loc_auroc": [97.22267911948036, 33], "loc_pro": [0.0, 0]}, "pill": {"det_auroc": [96.01745771958538, 19], "loc_auroc": [98.22910812755129, 9], "loc_pro": [0.0, 0]}, "screw": {"det_auroc": [86.47263783562205, 44], "loc_auroc": [98.5548454443735, 47], "loc_pro": [0.0, 0]}, "tile": {"det_auroc": [98.84559884559884, 4], "loc_auroc": [90.55003941146025, 5], "loc_pro": [0.0, 0]}, "toothbrush": {"det_auroc": [90.0, 6], "loc_auroc": [96.85941911327619, 6], "loc_pro": [0.0, 0]}, "transistor": {"det_auroc": [99.125, 49], "loc_auroc": [96.93695484911262, 47], "loc_pro": [0.0, 0]}, "wood": {"det_auroc": [99.82456140350878, 12], "loc_auroc": [88.43106825508644, 13], "loc_pro": [0.0, 0]}, "zipper": {"det_auroc": [100.0, 16], "loc_auroc": [97.98157492970196, 43], "loc_pro": [0.0, 0]}}